Model,R²,RMSE
GPR,0.9028497309905251,0.008701736941034112
RandomForest,0.8970095149296176,0.008959473684703997
XGBoost,0.7988232692277286,0.012521974631023305
"Ratkowsky (mechanistic, temp only)",0.7678563822436362,0.013451239969086039
